<?xml version="1.0" encoding="UTF-8"?>
<addon id="plugin.video.geekfromgreece"
       name="Kodi Project (by geekfromgreece)"
       version="1.0.0"
       provider-name="geekfromgreece">
    <requires>
        <import addon="xbmc.python" version="3.0.0"/>
    </requires>
    <extension point="xbmc.python.pluginsource" library="main.py">
        <provides>video</provides>
    </extension>
    <extension point="xbmc.addon.metadata">
        <summary>Kodi Project by geekfromgreece</summary>
        <description>Greek &amp; Russian TV hub. Add your own legal stream URLs per channel.</description>
        <platform>all</platform>
    </extension>
</addon>
